{
  "url": "http://localhost:1420/",
  "gridInfo": {
    "exists": true,
    "display": "grid"
  },
  "cardCount": 7,
  "headings": [
    "システム",
    "ネットワーク",
    "ログ",
    "セキュリティ",
    "サブシステム",
    "設定",
    "Weather + Calendar"
  ],
  "titleColor": "rgba(255, 255, 255, 0.95)",
  "screenshot": "builds/screenshots/playwright-smoke.png",
  "consoleMessages": [],
  "domSnapshot": {
    "html": "<html lang=\"en\" data-urms-inline-entry=\"1770914492287\" data-urms-bundle-entry=\"1770914492310\" style=\"font-family: -apple-system, BlinkMacSystemFont, &quot;Segoe UI&quot;, Roboto, &quot;Helvetica Neue&quot;, Arial, &quot;Noto Sans JP&quot;, &quot;Hiragino Kaku Gothic ProN&quot;, &quot;Yu Gothic&quot;, Meiryo, &quot;MS Gothic&quot;, sans-serif;\"><head>\n    <meta charset=\"UTF-8\">\n    <link rel=\"icon\" type=\"image/svg+xml\" href=\"./vite.svg\">\n    <meta name=\"viewport\" content=\"width=device-width, initial-scale=1.0\">\n    <title>URMS v4.0</title>\n    <style>\n      * { margin: 0; padding: 0; box-sizing: border-box; }\n      html, body, #root { width: 100%; height: 100%; }\n      body {\n        background: linear-gradient(135deg, #070812 0%, #081028 100%);\n        color: #e5e7eb;\n        font-family: -apple-system, BlinkMacSystemFont, 'Segoe UI', Roboto, Oxygen, Ubuntu, Cantarell, sans-serif;\n        overflow: hidden;\n      }\n      #root {\n        display: flex;\n        flex-direction: column;\n      }\n    </style>\n    <script type=\"module\" crossorigin=\"\" src=\"./assets/index-D1dLd3vs.js\"></script>\n    <link rel=\"modulepreload\" crossorigin=\"\" href=\"./assets/vendor-Cp5YrUBL.js\">\n    \n    <script type=\"module\">import.meta.url;import(\"_\").catch(()=>1);(async function*(){})().next();window.__vite_is_modern_browser=true</script>\n    <script type=\"module\">!function(){if(window.__vite_is_modern_browser)return;console.warn(\"vite: loading legacy chunks, syntax error above and the same error below should be ignored\");var e=document.getElementById(\"vite-legacy-polyfill\"),n=document.createElement(\"script\");n.src=e.src,n.onload=function(){System.import(document.getElementById('vite-legacy-entry').getAttribute('data-src'))},document.body.appendChild(n)}();</script>\n  <style type=\"text/css\">* { transition: none !important; animation: none !important; caret-color: transparent !important; }</style><style type=\"text/css\">\n      /* dynamic UI suppression for CI captures */\n      .live-badge, .badge--live, .clock, .time, .now, .status-dot, .pulse, .ticker, .animated, svg.animate, .count, .notification, .toast, .marquee, .count-badge, .kpi-value, .uptime, .live-indicator, .blink, .spinner, .loader, .progress, .progress-bar, .tooltip, .tooltip-inner, .dropdown, .menu, .modal, .popover, .ads, [data-live], [data-updating], [aria-live], [role=progressbar], [role=status], header, footer, .header, .site-header, .app-header, .topbar, .toolbar, .breadcrumbs, .banner, .promo, .dev-banner, .debug-banner { visibility: hidden !important; opacity: 0 !important; pointer-events: none !important; }\n      /* ensure animations/transitions are disabled globally */\n      * { transition: none !important; animation: none !important; }\n      /* hide common nav and user chrome that often changes between runs */\n      nav, .nav, .navbar, .user-menu, .account-menu, .clock-widget { visibility: hidden !important; opacity: 0 !important; }\n      /* reduce visual noise from images (replace with neutral background) */\n      img, picture, video, iframe { visibility: visible !important; opacity: 1 !important; object-fit: contain !important; filter: grayscale(1) blur(0px) !important; }\n      /* prefer stable system UI fonts to avoid webfont variability (include common JP system fonts) */\n      :root { --ci-system-fonts: -apple-system, BlinkMacSystemFont, \"Segoe UI\", Roboto, \"Helvetica Neue\", Arial, \"Noto Sans JP\", \"Hiragino Kaku Gothic ProN\", \"Yu Gothic\", Meiryo, sans-serif; }\n      * { font-family: var(--ci-system-fonts) !important; font-weight: 400 !important; font-style: normal !important; -webkit-font-smoothing: antialiased !important; -moz-osx-font-smoothing: grayscale !important; }\n    </style></head>\n\n  <body class=\"theme-neon future-theme theme-future\">\n    <div id=\"root\"><header class=\"app-header\"><div class=\"app-header-left\"><span class=\"app-icon\">🛡️</span><span class=\"app-title\">URMS v4.0</span></div><div style=\"display: flex; align-items: center; gap: 12px;\"><div class=\"header-clock\">2026/02/13 01:41:33 JST</div><button aria-label=\"Toggle theme\" title=\"Toggle theme\" style=\"background: transparent; border: 1px solid rgba(255, 255, 255, 0.08); color: var(--header-text); padding: 6px 10px; border-radius: 8px; cursor: pointer;\">Neon</button></div></header><div class=\"dashboard-container\"><div class=\"dashboard-header\"><h1 class=\"dashboard-title\">⚡ URMS ダッシュボード</h1></div><div class=\"dashboard-grid neon-grid\"><div class=\"floating-card card neon lg accent-cyan\" role=\"button\" tabindex=\"0\"><div class=\"card-inner\"><div class=\"card-header\"><h3 class=\"card-title\">システム</h3></div><div class=\"card-body\"><ul class=\"stat-list\"><li>CPU <span class=\"stat-value stat-value--bold\">39.5%</span></li><li>RAM <span class=\"stat-value stat-value--bold\">31.8%</span></li><li>DISK (SAMSUNG SSD 970) <span class=\"stat-value stat-value--bold\">1.0%</span></li><li>GPU <span class=\"stat-value stat-value--bold\">0.0%</span></li><li>NAS (なし) <span class=\"stat-value stat-value--bold\">-%</span></li><li>NET <span class=\"stat-value stat-value--bold\">connected</span></li></ul><svg class=\"sparkline\" width=\"140\" height=\"34\" viewBox=\"0 0 140 34\" xmlns=\"http://www.w3.org/2000/svg\" role=\"img\" aria-hidden=\"true\"><path d=\"M 0,34 15.555555555555555,27.81818181818182 31.11111111111111,32.45454545454545 46.666666666666664,21.636363636363637 62.22222222222222,27.81818181818182 77.77777777777777,3.0909090909090935 93.33333333333333,9.272727272727273 108.88888888888889,18.545454545454547 124.44444444444444,12.363636363636363 140,0\" fill=\"none\" stroke=\"#06b6d4\" stroke-width=\"2\" stroke-linecap=\"round\" stroke-linejoin=\"round\"></path></svg></div></div><div class=\"card-ghost\" aria-hidden=\"true\"></div></div><div class=\"floating-card card default md accent-green\" role=\"button\" tabindex=\"0\"><div class=\"card-inner\"><div class=\"card-header\"><h3 class=\"card-title\">ネットワーク</h3></div><div class=\"card-body\"><ul class=\"stat-list\"><li>オンライン <span>4</span></li><li>オフライン <span>1</span></li><li>平均遅延 <span>9ms</span></li></ul></div></div><div class=\"card-ghost\" aria-hidden=\"true\"></div></div><div class=\"floating-card card default md accent-amber\" role=\"button\" tabindex=\"0\"><div class=\"card-inner\"><div class=\"card-header\"><h3 class=\"card-title\">ログ</h3></div><div class=\"card-body\"><ul class=\"stat-list\"><li>本日 <span>0件</span></li><li>警告 <span>0件</span></li><li>エラー <span>0件</span></li><li>最終 <span>--:--:--</span></li></ul></div></div><div class=\"card-ghost\" aria-hidden=\"true\"></div></div><div class=\"floating-card card default md accent-red\" role=\"button\" tabindex=\"0\"><div class=\"card-inner\"><div class=\"card-header\"><h3 class=\"card-title\">セキュリティ</h3></div><div class=\"card-body\"><ul class=\"stat-list\"><li>オンライン <span>4</span></li><li>オフライン <span>1</span></li><li>状態 <span>connected</span></li></ul></div></div><div class=\"card-ghost\" aria-hidden=\"true\"></div></div><div class=\"floating-card card default md accent-teal\" role=\"button\" tabindex=\"0\"><div class=\"card-inner\"><div class=\"card-header\"><h3 class=\"card-title\">サブシステム</h3></div><div class=\"card-body\"><ul class=\"stat-list\"><li>資産 <span>管理</span></li><li>ファイル <span>管理</span></li><li>財務 <span>管理</span></li><li>IoT <span>管理</span></li></ul></div></div><div class=\"card-ghost\" aria-hidden=\"true\"></div></div><div class=\"floating-card card default md accent-purple\" role=\"button\" tabindex=\"0\"><div class=\"card-inner\"><div class=\"card-header\"><h3 class=\"card-title\">設定</h3></div><div class=\"card-body\"><ul class=\"stat-list\"><li>プロファイル <span>運用</span></li><li>モード <span>ダーク ネオン</span></li><li>更新 <span>16:41:32</span></li></ul></div></div><div class=\"card-ghost\" aria-hidden=\"true\"></div></div><div class=\"floating-card card default lg accent-blue\" role=\"button\" tabindex=\"0\"><div class=\"card-inner\"><div class=\"card-header\"><h3 class=\"card-title\">Weather + Calendar</h3></div><div class=\"card-body\"><div class=\"weather-calendar-card card\"><div class=\"card-header \"><h3 class=\"card-title\">Weather &amp; Calendar</h3><div class=\"card-actions\"><button>Refresh</button><button>Sync Google</button></div></div><div class=\"card-body\"><div class=\"wc-grid\"><div class=\"weather-box\"><div class=\"weather-temp\">—</div><div class=\"weather-code\">Code: —</div></div><div class=\"events-box\"><ul><li>No upcoming events</li></ul></div></div></div></div></div></div><div class=\"card-ghost\" aria-hidden=\"true\"></div></div></div></div><div class=\"toast-container\"></div></div>\n    <script>\n      (function(){\n        try{\n          const ts = Date.now();\n          try{ document.documentElement && document.documentElement.setAttribute('data-urms-inline-entry', String(ts)); }catch(e){}\n          try{ window.__URMS_INLINE_ENTRY_TS = ts; }catch(e){}\n          try{ console.log('[inline-bundle-entry]', ts); }catch(e){}\n          try{ if(window.__TAURI__ && typeof window.__TAURI__.invoke === 'function') { window.__TAURI__.invoke('frontend_log',{level:'info', msg:'[inline-bundle-entry]'+ts}).catch(()=>{}); } }catch(e){}\n        }catch(e){}\n      })();\n    </script>\n    <!-- Console capture: attempt to persist frontend console to logs/frontend_console.log via Tauri fs or fallback to invoke -->\n    <script>\n      (function () {\n        function safeStringify(v) {\n          try { return typeof v === 'string' ? v : JSON.stringify(v); } catch { return String(v); }\n        }\n\n        // Helper to perform dynamic import without exposing literal import() targets to bundlers\n        const dynamicImport = new Function('m', 'return import(m)');\n\n        async function tryWriteLog(line) {\n          try {\n            // runtime dynamic import to avoid bundler resolution (use Function to hide from bundler)\n            const fsMod = await dynamicImport('@tauri-apps/api/fs');\n            const pathMod = await dynamicImport('@tauri-apps/api/path');\n            const appDir = await pathMod.appLocalDataDir();\n            const full = appDir + 'urms-frontend.log';\n            // append by reading existing then writing back\n            try {\n              const existing = await fsMod.readTextFile(full).catch(()=>'');\n              await fsMod.writeFile({ path: full, contents: existing + line + '\\n' });\n            } catch (e) {\n              // If file ops fail, fall back to invoke\n              await tryInvoke(line);\n            }\n          } catch (e) {\n            await tryInvoke(line);\n          }\n        }\n\n        async function tryInvoke(line) {\n          try {\n            if (window.__TAURI__ && typeof window.__TAURI__.invoke === 'function') {\n              window.__TAURI__.invoke('frontend_log', { level: 'info', msg: line });\n              return;\n            }\n            // runtime import fallback\n            const tauri = await dynamicImport('@tauri-apps/api/tauri').catch(()=>null);\n            if (tauri && typeof tauri.invoke === 'function') {\n              await tauri.invoke('frontend_log', { level: 'info', msg: line });\n            }\n          } catch (e) {\n            // ignore\n          }\n        }\n\n        ['log','info','warn','error','debug'].forEach((lvl)=>{\n          const orig = console[lvl];\n          console[lvl] = function(...args){\n            try {\n              const line = '[' + lvl + '] ' + args.map(safeStringify).join(' ');\n              // fire-and-forget\n              tryWriteLog(line);\n            } catch(e){}\n            if (orig) orig.apply(console, args);\n          };\n        });\n\n        // startup ping\n        setTimeout(()=>{ tryWriteLog('frontend: console-capture initialized'); }, 1000);\n\n        // Also try repeated HTTP POST pings to the host (backend listens on 127.0.0.1:8765)\n        (function(){\n          const attempts = 12;\n          const intervalMs = 800;\n          for (let i = 0; i < attempts; i++) {\n            setTimeout(async () => {\n              const payload = { msg: 'frontend: http ping', attempt: i, ts: Date.now() };\n              try {\n                await fetch('http://127.0.0.1:8765/ux-ping', {\n                  method: 'POST',\n                  headers: { 'Content-Type': 'application/json' },\n                  body: JSON.stringify(payload)\n                });\n                tryWriteLog('[http-ping] ' + JSON.stringify(payload));\n              } catch (e) {\n                // ignore network errors; tryWriteLog will also attempt file/invoke\n                tryWriteLog('[http-ping-failed] ' + JSON.stringify(payload));\n              }\n            }, i * intervalMs);\n          }\n        })();\n        // Image-based GET pings as a fallback (triggers even if JS fetch or Tauri APIs fail)\n        (function(){\n          const attempts = 8;\n          const intervalMs = 1200;\n          const img = document.createElement('img');\n          img.style.display = 'none';\n          document.body.appendChild(img);\n          for (let i=0;i<attempts;i++){\n            setTimeout(()=>{\n              try{\n                img.src = 'http://127.0.0.1:8765/ux-ping?img=1&attempt=' + i + '&ts=' + Date.now();\n              }catch(e){}\n            }, i*intervalMs + 200);\n          }\n        })();\n      })();\n    </script><img style=\"display: none;\" src=\"http://127.0.0.1:8765/ux-ping?img=1&amp;attempt=0&amp;ts=1770914492557\">\n    <script nomodule=\"\">!function(){var e=document,t=e.createElement(\"script\");if(!(\"noModule\"in t)&&\"onbeforeload\"in t){var n=!1;e.addEventListener(\"beforeload\",(function(e){if(e.target===t)n=!0;else if(!e.target.hasAttribute(\"nomodule\")||!n)return;e.preventDefault()}),!0),t.type=\"module\",t.src=\".\",e.head.appendChild(t),t.remove()}}();</script>\n    <script nomodule=\"\" crossorigin=\"\" id=\"vite-legacy-polyfill\" src=\"./assets/polyfills-legacy-J6gA_dBX.js\"></script>\n    <script nomodule=\"\" crossorigin=\"\" id=\"vite-legacy-entry\" data-src=\"./assets/index-legacy-CVJfNkMU.js\">System.import(document.getElementById('vite-legacy-entry').getAttribute('data-src'))</script>\n  \n\n</body><style data-ci-system-fonts=\"1\">:root{ --ci-system-fonts: -apple-system, BlinkMacSystemFont, \"Segoe UI\", Roboto, \"Helvetica Neue\", Arial, \"Noto Sans JP\", \"Hiragino Kaku Gothic ProN\", \"Yu Gothic\", Meiryo, \"MS Gothic\", sans-serif !important; --ci-scrollbar-width: 16px; }\n* , *::before, *::after { font-family: var(--ci-system-fonts) !important; font-weight: 400 !important; font-style: normal !important; -webkit-font-smoothing: antialiased !important; -moz-osx-font-smoothing: grayscale !important; }\nhtml, body { scrollbar-gutter: stable both-edges !important; }\n::-webkit-scrollbar { width: var(--ci-scrollbar-width) !important; height: var(--ci-scrollbar-width) !important; background: transparent !important; }\n::-webkit-scrollbar-thumb { background: rgba(0,0,0,0.18) !important; border-radius: 6px !important; }\n::-webkit-scrollbar-track { background: transparent !important; }</style><style data-ci-normalize=\"1\">body, html { background: #ffffff !important; color: #222 !important; } header, footer, nav, .site-header, .app-header, .toolbar, .banner, .promo, .debug-banner { display: none !important; }</style></html>",
    "elems": [
      {
        "selector": "header",
        "tag": "HEADER",
        "id": null,
        "class": "app-header",
        "rect": {
          "x": 0,
          "y": 0,
          "w": 0,
          "h": 0
        },
        "computed": {
          "display": "none",
          "width": "auto",
          "height": "auto",
          "margin": "0px",
          "padding": "0px",
          "fontFamily": "-apple-system, BlinkMacSystemFont, \"Segoe UI\", Roboto, \"Helvetica Neue\", Arial, \"Noto Sans JP\", \"Hiragino Kaku Gothic ProN\", \"Yu Gothic\", Meiryo, \"MS Gothic\", sans-serif",
          "fontSize": "16px",
          "color": "rgb(34, 34, 34)",
          "background": "rgba(0, 0, 0, 0) none repeat scroll 0% 0% / auto padding-box border-box"
        },
        "outer": "<header class=\"app-header\"><div class=\"app-header-left\"><span class=\"app-icon\">🛡️</span><span class=\"app-title\">URMS v4.0</span></div><div style=\"display: flex; align-items: center; gap: 12px;\"><div class=\"header-clock\">2026/02/13 01:41:33 JST</div><button aria-label=\"Toggle theme\" title=\"Toggle theme\" style=\"background: transparent; border: 1px solid rgba(255, 255, 255, 0.08); color: var(--header-text); padding: 6px 10px; border-radius: 8px; cursor: pointer;\">Neon</button></div></header>"
      },
      {
        "selector": ".app-header",
        "tag": "HEADER",
        "id": null,
        "class": "app-header",
        "rect": {
          "x": 0,
          "y": 0,
          "w": 0,
          "h": 0
        },
        "computed": {
          "display": "none",
          "width": "auto",
          "height": "auto",
          "margin": "0px",
          "padding": "0px",
          "fontFamily": "-apple-system, BlinkMacSystemFont, \"Segoe UI\", Roboto, \"Helvetica Neue\", Arial, \"Noto Sans JP\", \"Hiragino Kaku Gothic ProN\", \"Yu Gothic\", Meiryo, \"MS Gothic\", sans-serif",
          "fontSize": "16px",
          "color": "rgb(34, 34, 34)",
          "background": "rgba(0, 0, 0, 0) none repeat scroll 0% 0% / auto padding-box border-box"
        },
        "outer": "<header class=\"app-header\"><div class=\"app-header-left\"><span class=\"app-icon\">🛡️</span><span class=\"app-title\">URMS v4.0</span></div><div style=\"display: flex; align-items: center; gap: 12px;\"><div class=\"header-clock\">2026/02/13 01:41:33 JST</div><button aria-label=\"Toggle theme\" title=\"Toggle theme\" style=\"background: transparent; border: 1px solid rgba(255, 255, 255, 0.08); color: var(--header-text); padding: 6px 10px; border-radius: 8px; cursor: pointer;\">Neon</button></div></header>"
      },
      {
        "selector": ".dashboard-grid",
        "tag": "DIV",
        "id": null,
        "class": "dashboard-grid neon-grid",
        "rect": {
          "x": 16,
          "y": 44,
          "w": 768,
          "h": 779
        },
        "computed": {
          "display": "block",
          "width": "768px",
          "height": "779px",
          "margin": "0px",
          "padding": "0px",
          "fontFamily": "-apple-system, BlinkMacSystemFont, \"Segoe UI\", Roboto, \"Helvetica Neue\", Arial, \"Noto Sans JP\", \"Hiragino Kaku Gothic ProN\", \"Yu Gothic\", Meiryo, \"MS Gothic\", sans-serif",
          "fontSize": "16px",
          "color": "rgb(34, 34, 34)",
          "background": "rgba(0, 0, 0, 0) none repeat scroll 0% 0% / auto padding-box border-box"
        },
        "outer": "<div class=\"dashboard-grid neon-grid\"><div class=\"floating-card card neon lg accent-cyan\" role=\"button\" tabindex=\"0\"><div class=\"card-inner\"><div class=\"card-header\"><h3 class=\"card-title\">システム</h3></div><div class=\"card-body\"><ul class=\"stat-list\"><li>CPU <span class=\"stat-value stat-value--bold\">39.5%</span></li><li>RAM <span class=\"stat-value stat-value--bold\">31.8%</span></li><li>DISK (SAMSUNG SSD 970) <span class=\"stat-value stat-value--bold\">1.0%</span></li><li>GPU <span class=\"stat-value stat-value--bold\">0.0%</span></li><li>NAS (なし) <span class=\"stat-value stat-value--bold\">-%</span></li><li>NET <span class=\"stat-value stat-value--bold\">connected</span></li></ul><svg class=\"sparkline\" width=\"140\" height=\"34\" viewBox=\"0 0 140 34\" xmlns=\"http://www.w3.org/2000/svg\" role=\"img\" aria-hidden=\"true\"><path d=\"M 0,34 15.555555555555555,27.81818181818182 31.11111111111111,32.45454545454545 46.666666666666664,21.636363636363637 62.22222222222222,27.81818181818182 77.77777777777777,3.0909090909090935 93.33333333333333,9.272727272727273 108.88888888888889,18.545454545454547 124.44444444444444,12.363636363636363 140,0\" fill=\"none\" stroke=\"#06b6d4\" stroke-width=\"2\" stroke-linecap=\"round\" stroke-linejoin=\"round\"></path></svg></div></div><div class=\"card-ghost\" aria-hidden=\"true\"></div></div><div class=\"floating-card card default md accent-green\" role=\"button\" tabindex=\"0\"><div class=\"card-inner\"><div class=\"card-header\"><h3 class=\"card-title\">ネットワーク</h3></div><div class=\"card-body\"><ul class=\"stat-list\"><li>オンライン <span>4</span></li><li>オフライン <span>1</span></li><li>平均遅延 <span>9ms</span></li></ul></div></div><div class=\"card-ghost\" aria-hidden=\"true\"></div></div><div class=\"floating-card card default md accent-amber\" role=\"button\" tabindex=\"0\"><div class=\"card-inner\"><div class=\"card-header\"><h3 class=\"card-title\">ログ</h3></div><div class=\"card-body\"><ul class=\"stat-list\"><li>本日 <span>0件</span></li><li>警告 <span>0件</span></li><li>エラー <span>0件</span></li><li>最終 <span>--:--:--</s"
      },
      {
        "selector": ".floating-card",
        "tag": "DIV",
        "id": null,
        "class": "floating-card card neon lg accent-cyan",
        "rect": {
          "x": 16,
          "y": 44,
          "w": 768,
          "h": 175
        },
        "computed": {
          "display": "block",
          "width": "768px",
          "height": "175px",
          "margin": "0px",
          "padding": "0px",
          "fontFamily": "-apple-system, BlinkMacSystemFont, \"Segoe UI\", Roboto, \"Helvetica Neue\", Arial, \"Noto Sans JP\", \"Hiragino Kaku Gothic ProN\", \"Yu Gothic\", Meiryo, \"MS Gothic\", sans-serif",
          "fontSize": "16px",
          "color": "rgb(34, 34, 34)",
          "background": "rgba(0, 0, 0, 0) none repeat scroll 0% 0% / auto padding-box border-box"
        },
        "outer": "<div class=\"floating-card card neon lg accent-cyan\" role=\"button\" tabindex=\"0\"><div class=\"card-inner\"><div class=\"card-header\"><h3 class=\"card-title\">システム</h3></div><div class=\"card-body\"><ul class=\"stat-list\"><li>CPU <span class=\"stat-value stat-value--bold\">39.5%</span></li><li>RAM <span class=\"stat-value stat-value--bold\">31.8%</span></li><li>DISK (SAMSUNG SSD 970) <span class=\"stat-value stat-value--bold\">1.0%</span></li><li>GPU <span class=\"stat-value stat-value--bold\">0.0%</span></li><li>NAS (なし) <span class=\"stat-value stat-value--bold\">-%</span></li><li>NET <span class=\"stat-value stat-value--bold\">connected</span></li></ul><svg class=\"sparkline\" width=\"140\" height=\"34\" viewBox=\"0 0 140 34\" xmlns=\"http://www.w3.org/2000/svg\" role=\"img\" aria-hidden=\"true\"><path d=\"M 0,34 15.555555555555555,27.81818181818182 31.11111111111111,32.45454545454545 46.666666666666664,21.636363636363637 62.22222222222222,27.81818181818182 77.77777777777777,3.0909090909090935 93.33333333333333,9.272727272727273 108.88888888888889,18.545454545454547 124.44444444444444,12.363636363636363 140,0\" fill=\"none\" stroke=\"#06b6d4\" stroke-width=\"2\" stroke-linecap=\"round\" stroke-linejoin=\"round\"></path></svg></div></div><div class=\"card-ghost\" aria-hidden=\"true\"></div></div>"
      },
      {
        "selector": ".floating-card",
        "tag": "DIV",
        "id": null,
        "class": "floating-card card default md accent-green",
        "rect": {
          "x": 16,
          "y": 219,
          "w": 768,
          "h": 89
        },
        "computed": {
          "display": "block",
          "width": "768px",
          "height": "89px",
          "margin": "0px",
          "padding": "0px",
          "fontFamily": "-apple-system, BlinkMacSystemFont, \"Segoe UI\", Roboto, \"Helvetica Neue\", Arial, \"Noto Sans JP\", \"Hiragino Kaku Gothic ProN\", \"Yu Gothic\", Meiryo, \"MS Gothic\", sans-serif",
          "fontSize": "16px",
          "color": "rgb(34, 34, 34)",
          "background": "rgba(0, 0, 0, 0) none repeat scroll 0% 0% / auto padding-box border-box"
        },
        "outer": "<div class=\"floating-card card default md accent-green\" role=\"button\" tabindex=\"0\"><div class=\"card-inner\"><div class=\"card-header\"><h3 class=\"card-title\">ネットワーク</h3></div><div class=\"card-body\"><ul class=\"stat-list\"><li>オンライン <span>4</span></li><li>オフライン <span>1</span></li><li>平均遅延 <span>9ms</span></li></ul></div></div><div class=\"card-ghost\" aria-hidden=\"true\"></div></div>"
      },
      {
        "selector": ".floating-card",
        "tag": "DIV",
        "id": null,
        "class": "floating-card card default md accent-amber",
        "rect": {
          "x": 16,
          "y": 308,
          "w": 768,
          "h": 110
        },
        "computed": {
          "display": "block",
          "width": "768px",
          "height": "110px",
          "margin": "0px",
          "padding": "0px",
          "fontFamily": "-apple-system, BlinkMacSystemFont, \"Segoe UI\", Roboto, \"Helvetica Neue\", Arial, \"Noto Sans JP\", \"Hiragino Kaku Gothic ProN\", \"Yu Gothic\", Meiryo, \"MS Gothic\", sans-serif",
          "fontSize": "16px",
          "color": "rgb(34, 34, 34)",
          "background": "rgba(0, 0, 0, 0) none repeat scroll 0% 0% / auto padding-box border-box"
        },
        "outer": "<div class=\"floating-card card default md accent-amber\" role=\"button\" tabindex=\"0\"><div class=\"card-inner\"><div class=\"card-header\"><h3 class=\"card-title\">ログ</h3></div><div class=\"card-body\"><ul class=\"stat-list\"><li>本日 <span>0件</span></li><li>警告 <span>0件</span></li><li>エラー <span>0件</span></li><li>最終 <span>--:--:--</span></li></ul></div></div><div class=\"card-ghost\" aria-hidden=\"true\"></div></div>"
      },
      {
        "selector": ".floating-card",
        "tag": "DIV",
        "id": null,
        "class": "floating-card card default md accent-red",
        "rect": {
          "x": 16,
          "y": 418,
          "w": 768,
          "h": 89
        },
        "computed": {
          "display": "block",
          "width": "768px",
          "height": "89px",
          "margin": "0px",
          "padding": "0px",
          "fontFamily": "-apple-system, BlinkMacSystemFont, \"Segoe UI\", Roboto, \"Helvetica Neue\", Arial, \"Noto Sans JP\", \"Hiragino Kaku Gothic ProN\", \"Yu Gothic\", Meiryo, \"MS Gothic\", sans-serif",
          "fontSize": "16px",
          "color": "rgb(34, 34, 34)",
          "background": "rgba(0, 0, 0, 0) none repeat scroll 0% 0% / auto padding-box border-box"
        },
        "outer": "<div class=\"floating-card card default md accent-red\" role=\"button\" tabindex=\"0\"><div class=\"card-inner\"><div class=\"card-header\"><h3 class=\"card-title\">セキュリティ</h3></div><div class=\"card-body\"><ul class=\"stat-list\"><li>オンライン <span>4</span></li><li>オフライン <span>1</span></li><li>状態 <span>connected</span></li></ul></div></div><div class=\"card-ghost\" aria-hidden=\"true\"></div></div>"
      },
      {
        "selector": ".floating-card",
        "tag": "DIV",
        "id": null,
        "class": "floating-card card default md accent-teal",
        "rect": {
          "x": 16,
          "y": 507,
          "w": 768,
          "h": 110
        },
        "computed": {
          "display": "block",
          "width": "768px",
          "height": "110px",
          "margin": "0px",
          "padding": "0px",
          "fontFamily": "-apple-system, BlinkMacSystemFont, \"Segoe UI\", Roboto, \"Helvetica Neue\", Arial, \"Noto Sans JP\", \"Hiragino Kaku Gothic ProN\", \"Yu Gothic\", Meiryo, \"MS Gothic\", sans-serif",
          "fontSize": "16px",
          "color": "rgb(34, 34, 34)",
          "background": "rgba(0, 0, 0, 0) none repeat scroll 0% 0% / auto padding-box border-box"
        },
        "outer": "<div class=\"floating-card card default md accent-teal\" role=\"button\" tabindex=\"0\"><div class=\"card-inner\"><div class=\"card-header\"><h3 class=\"card-title\">サブシステム</h3></div><div class=\"card-body\"><ul class=\"stat-list\"><li>資産 <span>管理</span></li><li>ファイル <span>管理</span></li><li>財務 <span>管理</span></li><li>IoT <span>管理</span></li></ul></div></div><div class=\"card-ghost\" aria-hidden=\"true\"></div></div>"
      },
      {
        "selector": ".floating-card",
        "tag": "DIV",
        "id": null,
        "class": "floating-card card default md accent-purple",
        "rect": {
          "x": 16,
          "y": 617,
          "w": 768,
          "h": 89
        },
        "computed": {
          "display": "block",
          "width": "768px",
          "height": "89px",
          "margin": "0px",
          "padding": "0px",
          "fontFamily": "-apple-system, BlinkMacSystemFont, \"Segoe UI\", Roboto, \"Helvetica Neue\", Arial, \"Noto Sans JP\", \"Hiragino Kaku Gothic ProN\", \"Yu Gothic\", Meiryo, \"MS Gothic\", sans-serif",
          "fontSize": "16px",
          "color": "rgb(34, 34, 34)",
          "background": "rgba(0, 0, 0, 0) none repeat scroll 0% 0% / auto padding-box border-box"
        },
        "outer": "<div class=\"floating-card card default md accent-purple\" role=\"button\" tabindex=\"0\"><div class=\"card-inner\"><div class=\"card-header\"><h3 class=\"card-title\">設定</h3></div><div class=\"card-body\"><ul class=\"stat-list\"><li>プロファイル <span>運用</span></li><li>モード <span>ダーク ネオン</span></li><li>更新 <span>16:41:32</span></li></ul></div></div><div class=\"card-ghost\" aria-hidden=\"true\"></div></div>"
      },
      {
        "selector": ".floating-card",
        "tag": "DIV",
        "id": null,
        "class": "floating-card card default lg accent-blue",
        "rect": {
          "x": 16,
          "y": 706,
          "w": 768,
          "h": 117
        },
        "computed": {
          "display": "block",
          "width": "768px",
          "height": "117px",
          "margin": "0px",
          "padding": "0px",
          "fontFamily": "-apple-system, BlinkMacSystemFont, \"Segoe UI\", Roboto, \"Helvetica Neue\", Arial, \"Noto Sans JP\", \"Hiragino Kaku Gothic ProN\", \"Yu Gothic\", Meiryo, \"MS Gothic\", sans-serif",
          "fontSize": "16px",
          "color": "rgb(34, 34, 34)",
          "background": "rgba(0, 0, 0, 0) none repeat scroll 0% 0% / auto padding-box border-box"
        },
        "outer": "<div class=\"floating-card card default lg accent-blue\" role=\"button\" tabindex=\"0\"><div class=\"card-inner\"><div class=\"card-header\"><h3 class=\"card-title\">Weather + Calendar</h3></div><div class=\"card-body\"><div class=\"weather-calendar-card card\"><div class=\"card-header \"><h3 class=\"card-title\">Weather &amp; Calendar</h3><div class=\"card-actions\"><button>Refresh</button><button>Sync Google</button></div></div><div class=\"card-body\"><div class=\"wc-grid\"><div class=\"weather-box\"><div class=\"weather-temp\">—</div><div class=\"weather-code\">Code: —</div></div><div class=\"events-box\"><ul><li>No upcoming events</li></ul></div></div></div></div></div></div><div class=\"card-ghost\" aria-hidden=\"true\"></div></div>"
      },
      {
        "selector": "body",
        "tag": "BODY",
        "id": null,
        "class": "theme-neon future-theme theme-future",
        "rect": {
          "x": 16,
          "y": 0,
          "w": 768,
          "h": 1236
        },
        "computed": {
          "display": "block",
          "width": "768px",
          "height": "1236px",
          "margin": "0px",
          "padding": "0px",
          "fontFamily": "-apple-system, BlinkMacSystemFont, \"Segoe UI\", Roboto, \"Helvetica Neue\", Arial, \"Noto Sans JP\", \"Hiragino Kaku Gothic ProN\", \"Yu Gothic\", Meiryo, \"MS Gothic\", sans-serif",
          "fontSize": "16px",
          "color": "rgb(34, 34, 34)",
          "background": "rgb(255, 255, 255) none repeat scroll 0% 0% / auto padding-box border-box"
        },
        "outer": "<body class=\"theme-neon future-theme theme-future\">\n    <div id=\"root\"><header class=\"app-header\"><div class=\"app-header-left\"><span class=\"app-icon\">🛡️</span><span class=\"app-title\">URMS v4.0</span></div><div style=\"display: flex; align-items: center; gap: 12px;\"><div class=\"header-clock\">2026/02/13 01:41:33 JST</div><button aria-label=\"Toggle theme\" title=\"Toggle theme\" style=\"background: transparent; border: 1px solid rgba(255, 255, 255, 0.08); color: var(--header-text); padding: 6px 10px; border-radius: 8px; cursor: pointer;\">Neon</button></div></header><div class=\"dashboard-container\"><div class=\"dashboard-header\"><h1 class=\"dashboard-title\">⚡ URMS ダッシュボード</h1></div><div class=\"dashboard-grid neon-grid\"><div class=\"floating-card card neon lg accent-cyan\" role=\"button\" tabindex=\"0\"><div class=\"card-inner\"><div class=\"card-header\"><h3 class=\"card-title\">システム</h3></div><div class=\"card-body\"><ul class=\"stat-list\"><li>CPU <span class=\"stat-value stat-value--bold\">39.5%</span></li><li>RAM <span class=\"stat-value stat-value--bold\">31.8%</span></li><li>DISK (SAMSUNG SSD 970) <span class=\"stat-value stat-value--bold\">1.0%</span></li><li>GPU <span class=\"stat-value stat-value--bold\">0.0%</span></li><li>NAS (なし) <span class=\"stat-value stat-value--bold\">-%</span></li><li>NET <span class=\"stat-value stat-value--bold\">connected</span></li></ul><svg class=\"sparkline\" width=\"140\" height=\"34\" viewBox=\"0 0 140 34\" xmlns=\"http://www.w3.org/2000/svg\" role=\"img\" aria-hidden=\"true\"><path d=\"M 0,34 15.555555555555555,27.81818181818182 31.11111111111111,32.45454545454545 46.666666666666664,21.636363636363637 62.22222222222222,27.81818181818182 77.77777777777777,3.0909090909090935 93.33333333333333,9.272727272727273 108.88888888888889,18.545454545454547 124.44444444444444,12.363636363636363 140,0\" fill=\"none\" stroke=\"#06b6d4\" stroke-width=\"2\" stroke-linecap=\"round\" stroke-linejoin=\"round\"></path></svg></div></div><div class=\"card-ghost\" aria-hidden=\"true\"></div></div><div class=\"flo"
      },
      {
        "selector": "html",
        "tag": "HTML",
        "id": null,
        "class": null,
        "rect": {
          "x": 16,
          "y": 0,
          "w": 768,
          "h": 1236
        },
        "computed": {
          "display": "block",
          "width": "768px",
          "height": "1236px",
          "margin": "0px",
          "padding": "0px",
          "fontFamily": "-apple-system, BlinkMacSystemFont, \"Segoe UI\", Roboto, \"Helvetica Neue\", Arial, \"Noto Sans JP\", \"Hiragino Kaku Gothic ProN\", \"Yu Gothic\", Meiryo, \"MS Gothic\", sans-serif",
          "fontSize": "16px",
          "color": "rgb(34, 34, 34)",
          "background": "rgb(255, 255, 255) none repeat scroll 0% 0% / auto padding-box border-box"
        },
        "outer": "<html lang=\"en\" data-urms-inline-entry=\"1770914492287\" data-urms-bundle-entry=\"1770914492310\" style=\"font-family: -apple-system, BlinkMacSystemFont, &quot;Segoe UI&quot;, Roboto, &quot;Helvetica Neue&quot;, Arial, &quot;Noto Sans JP&quot;, &quot;Hiragino Kaku Gothic ProN&quot;, &quot;Yu Gothic&quot;, Meiryo, &quot;MS Gothic&quot;, sans-serif;\"><head>\n    <meta charset=\"UTF-8\">\n    <link rel=\"icon\" type=\"image/svg+xml\" href=\"./vite.svg\">\n    <meta name=\"viewport\" content=\"width=device-width, initial-scale=1.0\">\n    <title>URMS v4.0</title>\n    <style>\n      * { margin: 0; padding: 0; box-sizing: border-box; }\n      html, body, #root { width: 100%; height: 100%; }\n      body {\n        background: linear-gradient(135deg, #070812 0%, #081028 100%);\n        color: #e5e7eb;\n        font-family: -apple-system, BlinkMacSystemFont, 'Segoe UI', Roboto, Oxygen, Ubuntu, Cantarell, sans-serif;\n        overflow: hidden;\n      }\n      #root {\n        display: flex;\n        flex-direction: column;\n      }\n    </style>\n    <script type=\"module\" crossorigin=\"\" src=\"./assets/index-D1dLd3vs.js\"></script>\n    <link rel=\"modulepreload\" crossorigin=\"\" href=\"./assets/vendor-Cp5YrUBL.js\">\n    \n    <script type=\"module\">import.meta.url;import(\"_\").catch(()=>1);(async function*(){})().next();window.__vite_is_modern_browser=true</script>\n    <script type=\"module\">!function(){if(window.__vite_is_modern_browser)return;console.warn(\"vite: loading legacy chunks, syntax error above and the same error below should be ignored\");var e=document.getElementById(\"vite-legacy-polyfill\"),n=document.createElement(\"script\");n.src=e.src,n.onload=function(){System.import(document.getElementById('vite-legacy-entry').getAttribute('data-src'))},document.body.appendChild(n)}();</script>\n  <style type=\"text/css\">* { transition: none !important; animation: none !important; caret-color: transparent !important; }</style><style type=\"text/css\">\n      /* dynamic UI suppression for CI captures */\n      .live-badge, .badge"
      }
    ]
  },
  "devicePixelRatio": 1,
  "viewport": {
    "width": 800,
    "height": 1236
  },
  "pngWidth": 800,
  "pngHeight": 1236
}